"0","Sys.setlocale(category = ""LC_CTYPE"", ""Chinese (Simplified)_China.936"")"
"1","[1]"
"1"," ""Chinese (Simplified)_China.936"""
"1","
"
"0","library(keras)"
"0","library(tensorflow)"
"0","library(tokenizers)"
"0","library(dplyr)"
"2","
Attaching package: ‘dplyr’

"
"2","The following objects are masked from ‘package:stats’:

    filter, lag

"
"2","The following objects are masked from ‘package:base’:

    intersect, setdiff, setequal, union

"
"0","library(png)"
"0","library(reticulate)"
"0","library(abind)"
"0","library(ramify)"
"2","
Attaching package: ‘ramify’

"
"2","The following object is masked from ‘package:graphics’:

    clip

"
