"0","```r
# Run model 3 on the full training set
history = model3 %>% fit(
  x = trainFeatures, y = trainLabels,
  epochs           = 300,
  batch_size = 20
)
```"
"1","Epoch 1/300

 1/20 [>.............................] - ETA: 0s - loss: 0.2943 - accuracy: 1.0000
20/20 [==============================] - 1s 29ms/step - loss: 0.3029 - accuracy: 0.9874
Epoch 2/300

 1/20 [>.............................] - ETA: 0s - loss: 0.2750 - accuracy: 1.0000
20/20 [==============================] - 0s 7ms/step - loss: 0.2901 - accuracy: 0.9975
Epoch 3/300

 1/20 [>.............................] - ETA: 0s - loss: 0.2716 - accuracy: 1.0000
20/20 [==============================] - 0s 7ms/step - loss: 0.2881 - accuracy: 0.9975
Epoch 4/300

 1/20 [>.............................] - ETA: 0s - loss: 0.3025 - accuracy: 1.0000
20/20 [==============================] - 0s 7ms/step - loss: 0.2895 - accuracy: 0.9975
Epoch 5/300

 1/20 [>.............................] - ETA: 0s - loss: 0.2859 - accuracy: 1.0000
20/20 [==============================] - 0s 8ms/step - loss: 0.2865 - accuracy: 0.9975
Epoch 6/300

 1/20 [>.............................] - ETA: 0s - loss: 0.2569 - accuracy: 1.0000
20/20 [==============================] - 0s 8ms/step - loss: 0.2840 - accuracy: 0.9975
Epoch 7/300

 1/20 [>.............................] - ETA: 0s - loss: 0.2808 - accuracy: 1.0000
20/20 [==============================] - 0s 7ms/step - loss: 0.2832 - accuracy: 0.9975
Epoch 8/300

 1/20 [>.............................] - ETA: 0s - loss: 0.2943 - accuracy: 1.0000
20/20 [==============================] - 0s 7ms/step - loss: 0.2818 - accuracy: 0.9975
Epoch 9/300

 1/20 [>.............................] - ETA: 0s - loss: 0.2932 - accuracy: 1.0000
20/20 [==============================] - 0s 7ms/step - loss: 0.2807 - accuracy: 0.9975
Epoch 10/300

 1/20 [>.............................] - ETA: 0s - loss: 0.2661 - accuracy: 1.0000
20/20 [==============================] - 0s 8ms/step - loss: 0.2796 - accuracy: 0.9975
Epoch 11/300

 1/20 [>.............................] - ETA: 0s - loss: 0.2687 - accuracy: 1.0000
20/20 [==============================] - 0s 8ms/step - loss: 0.2787 - accuracy: 1.0000
Epoch 12/300

 1/20 [>.............................] - ETA: 0s - loss: 0.2952 - accuracy: 1.0000
20/20 [==============================] - 0s 7ms/step - loss: 0.2766 - accuracy: 0.9975
Epoch 13/300

 1/20 [>.............................] - ETA: 0s - loss: 0.3021 - accuracy: 1.0000
20/20 [==============================] - 0s 7ms/step - loss: 0.2759 - accuracy: 1.0000
Epoch 14/300

 1/20 [>.............................] - ETA: 0s - loss: 0.2725 - accuracy: 1.0000
20/20 [==============================] - 0s 8ms/step - loss: 0.2759 - accuracy: 0.9975
Epoch 15/300

 1/20 [>.............................] - ETA: 0s - loss: 0.2703 - accuracy: 1.0000
20/20 [==============================] - 0s 8ms/step - loss: 0.2740 - accuracy: 1.0000
Epoch 16/300

 1/20 [>.............................] - ETA: 0s - loss: 0.2724 - accuracy: 1.0000
20/20 [==============================] - 0s 7ms/step - loss: 0.2743 - accuracy: 1.0000
Epoch 17/300

 1/20 [>.............................] - ETA: 0s - loss: 0.2546 - accuracy: 1.0000
20/20 [==============================] - 0s 7ms/step - loss: 0.2735 - accuracy: 1.0000
Epoch 18/300

 1/20 [>.............................] - ETA: 0s - loss: 0.2672 - accuracy: 1.0000
20/20 [==============================] - 0s 7ms/step - loss: 0.2731 - accuracy: 1.0000
Epoch 19/300

 1/20 [>.............................] - ETA: 0s - loss: 0.2680 - accuracy: 1.0000
20/20 [==============================] - 0s 7ms/step - loss: 0.2718 - accuracy: 1.0000
Epoch 20/300

 1/20 [>.............................] - ETA: 0s - loss: 0.2873 - accuracy: 1.0000
20/20 [==============================] - 0s 8ms/step - loss: 0.2706 - accuracy: 1.0000
Epoch 21/300

 1/20 [>.............................] - ETA: 0s - loss: 0.2748 - accuracy: 1.0000
20/20 [==============================] - 0s 7ms/step - loss: 0.2701 - accuracy: 1.0000
Epoch 22/300

 1/20 [>.............................] - ETA: 0s - loss: 0.2787 - accuracy: 1.0000
20/20 [==============================] - 0s 7ms/step - loss: 0.2702 - accuracy: 1.0000
Epoch 23/300

 1/20 [>.............................] - ETA: 0s - loss: 0.2443 - accuracy: 1.0000
20/20 [==============================] - 0s 8ms/step - loss: 0.2692 - accuracy: 1.0000
Epoch 24/300

 1/20 [>.............................] - ETA: 0s - loss: 0.2750 - accuracy: 1.0000
20/20 [==============================] - 0s 7ms/step - loss: 0.2685 - accuracy: 1.0000
Epoch 25/300

 1/20 [>.............................] - ETA: 0s - loss: 0.2919 - accuracy: 1.0000
20/20 [==============================] - 0s 8ms/step - loss: 0.2678 - accuracy: 1.0000
Epoch 26/300

 1/20 [>.............................] - ETA: 0s - loss: 0.2593 - accuracy: 1.0000
20/20 [==============================] - 0s 8ms/step - loss: 0.2672 - accuracy: 1.0000
Epoch 27/300

 1/20 [>.............................] - ETA: 0s - loss: 0.2840 - accuracy: 1.0000
20/20 [==============================] - 0s 8ms/step - loss: 0.2661 - accuracy: 1.0000
Epoch 28/300

 1/20 [>.............................] - ETA: 0s - loss: 0.2633 - accuracy: 1.0000
20/20 [==============================] - 0s 7ms/step - loss: 0.2655 - accuracy: 1.0000
Epoch 29/300

 1/20 [>.............................] - ETA: 0s - loss: 0.2579 - accuracy: 1.0000
20/20 [==============================] - 0s 8ms/step - loss: 0.2661 - accuracy: 1.0000
Epoch 30/300

 1/20 [>.............................] - ETA: 0s - loss: 0.2528 - accuracy: 1.0000
20/20 [==============================] - 0s 9ms/step - loss: 0.2653 - accuracy: 1.0000
Epoch 31/300

 1/20 [>.............................] - ETA: 0s - loss: 0.2641 - accuracy: 1.0000
20/20 [==============================] - 0s 9ms/step - loss: 0.2633 - accuracy: 1.0000
Epoch 32/300

 1/20 [>.............................] - ETA: 0s - loss: 0.2669 - accuracy: 1.0000
20/20 [==============================] - 0s 9ms/step - loss: 0.2636 - accuracy: 1.0000
Epoch 33/300

 1/20 [>.............................] - ETA: 0s - loss: 0.2889 - accuracy: 1.0000
20/20 [==============================] - 0s 10ms/step - loss: 0.2622 - accuracy: 1.0000
Epoch 34/300

 1/20 [>.............................] - ETA: 0s - loss: 0.2605 - accuracy: 1.0000
20/20 [==============================] - 0s 8ms/step - loss: 0.2617 - accuracy: 1.0000
Epoch 35/300

 1/20 [>.............................] - ETA: 0s - loss: 0.2824 - accuracy: 1.0000
20/20 [==============================] - 0s 7ms/step - loss: 0.2620 - accuracy: 1.0000
Epoch 36/300

 1/20 [>.............................] - ETA: 0s - loss: 0.2553 - accuracy: 1.0000
20/20 [==============================] - 0s 8ms/step - loss: 0.2616 - accuracy: 1.0000
Epoch 37/300

 1/20 [>.............................] - ETA: 0s - loss: 0.2663 - accuracy: 1.0000
20/20 [==============================] - 0s 8ms/step - loss: 0.2603 - accuracy: 1.0000
Epoch 38/300

 1/20 [>.............................] - ETA: 0s - loss: 0.2828 - accuracy: 1.0000
20/20 [==============================] - 0s 7ms/step - loss: 0.2597 - accuracy: 1.0000
Epoch 39/300

 1/20 [>.............................] - ETA: 0s - loss: 0.2503 - accuracy: 1.0000
20/20 [==============================] - 0s 8ms/step - loss: 0.2592 - accuracy: 1.0000
Epoch 40/300

 1/20 [>.............................] - ETA: 0s - loss: 0.2489 - accuracy: 1.0000
20/20 [==============================] - 0s 8ms/step - loss: 0.2582 - accuracy: 1.0000
Epoch 41/300

 1/20 [>.............................] - ETA: 0s - loss: 0.2599 - accuracy: 1.0000
20/20 [==============================] - 0s 7ms/step - loss: 0.2579 - accuracy: 1.0000
Epoch 42/300

 1/20 [>.............................] - ETA: 0s - loss: 0.2709 - accuracy: 1.0000
20/20 [==============================] - 0s 7ms/step - loss: 0.2587 - accuracy: 1.0000
Epoch 43/300

 1/20 [>.............................] - ETA: 0s - loss: 0.2532 - accuracy: 1.0000
20/20 [==============================] - 0s 8ms/step - loss: 0.2567 - accuracy: 1.0000
Epoch 44/300

 1/20 [>.............................] - ETA: 0s - loss: 0.2630 - accuracy: 1.0000
20/20 [==============================] - 0s 7ms/step - loss: 0.2582 - accuracy: 1.0000
Epoch 45/300

 1/20 [>.............................] - ETA: 0s - loss: 0.2726 - accuracy: 1.0000
20/20 [==============================] - 0s 8ms/step - loss: 0.2560 - accuracy: 1.0000
Epoch 46/300

 1/20 [>.............................] - ETA: 0s - loss: 0.2549 - accuracy: 1.0000
20/20 [==============================] - 0s 7ms/step - loss: 0.2554 - accuracy: 1.0000
Epoch 47/300

 1/20 [>.............................] - ETA: 0s - loss: 0.2443 - accuracy: 1.0000
20/20 [==============================] - 0s 7ms/step - loss: 0.2546 - accuracy: 1.0000
Epoch 48/300

 1/20 [>.............................] - ETA: 0s - loss: 0.2497 - accuracy: 1.0000
20/20 [==============================] - 0s 8ms/step - loss: 0.2560 - accuracy: 1.0000
Epoch 49/300

 1/20 [>.............................] - ETA: 0s - loss: 0.2519 - accuracy: 1.0000
20/20 [==============================] - 0s 8ms/step - loss: 0.2549 - accuracy: 1.0000
Epoch 50/300

 1/20 [>.............................] - ETA: 0s - loss: 0.2526 - accuracy: 1.0000
20/20 [==============================] - 0s 7ms/step - loss: 0.2529 - accuracy: 1.0000
Epoch 51/300

 1/20 [>.............................] - ETA: 0s - loss: 0.2364 - accuracy: 1.0000
20/20 [==============================] - 0s 7ms/step - loss: 0.2523 - accuracy: 1.0000
Epoch 52/300

 1/20 [>.............................] - ETA: 0s - loss: 0.2413 - accuracy: 1.0000
20/20 [==============================] - 0s 8ms/step - loss: 0.2526 - accuracy: 1.0000
Epoch 53/300

 1/20 [>.............................] - ETA: 0s - loss: 0.2756 - accuracy: 1.0000
20/20 [==============================] - 0s 7ms/step - loss: 0.2510 - accuracy: 1.0000
Epoch 54/300

 1/20 [>.............................] - ETA: 0s - loss: 0.2630 - accuracy: 1.0000
20/20 [==============================] - 0s 8ms/step - loss: 0.2519 - accuracy: 1.0000
Epoch 55/300

 1/20 [>.............................] - ETA: 0s - loss: 0.2611 - accuracy: 1.0000
20/20 [==============================] - 0s 7ms/step - loss: 0.2513 - accuracy: 1.0000
Epoch 56/300

 1/20 [>.............................] - ETA: 0s - loss: 0.2400 - accuracy: 1.0000
20/20 [==============================] - 0s 8ms/step - loss: 0.2497 - accuracy: 1.0000
Epoch 57/300

 1/20 [>.............................] - ETA: 0s - loss: 0.2447 - accuracy: 1.0000
20/20 [==============================] - 0s 7ms/step - loss: 0.2495 - accuracy: 1.0000
Epoch 58/300

 1/20 [>.............................] - ETA: 0s - loss: 0.2748 - accuracy: 1.0000
20/20 [==============================] - 0s 7ms/step - loss: 0.2507 - accuracy: 1.0000
Epoch 59/300

 1/20 [>.............................] - ETA: 0s - loss: 0.2501 - accuracy: 1.0000
20/20 [==============================] - 0s 8ms/step - loss: 0.2489 - accuracy: 1.0000
Epoch 60/300

 1/20 [>.............................] - ETA: 0s - loss: 0.2501 - accuracy: 1.0000
20/20 [==============================] - 0s 16ms/step - loss: 0.2489 - accuracy: 1.0000
Epoch 61/300

 1/20 [>.............................] - ETA: 0s - loss: 0.2633 - accuracy: 1.0000
20/20 [==============================] - 0s 10ms/step - loss: 0.2476 - accuracy: 1.0000
Epoch 62/300

 1/20 [>.............................] - ETA: 0s - loss: 0.2586 - accuracy: 1.0000
20/20 [==============================] - 0s 9ms/step - loss: 0.2471 - accuracy: 1.0000
Epoch 63/300

 1/20 [>.............................] - ETA: 0s - loss: 0.2362 - accuracy: 1.0000
20/20 [==============================] - 0s 14ms/step - loss: 0.2465 - accuracy: 1.0000
Epoch 64/300

 1/20 [>.............................] - ETA: 0s - loss: 0.2457 - accuracy: 1.0000
20/20 [==============================] - 0s 8ms/step - loss: 0.2463 - accuracy: 1.0000
Epoch 65/300

 1/20 [>.............................] - ETA: 0s - loss: 0.2233 - accuracy: 1.0000
20/20 [==============================] - 0s 7ms/step - loss: 0.2453 - accuracy: 1.0000
Epoch 66/300

 1/20 [>.............................] - ETA: 0s - loss: 0.2257 - accuracy: 1.0000
20/20 [==============================] - 0s 8ms/step - loss: 0.2445 - accuracy: 1.0000
Epoch 67/300

 1/20 [>.............................] - ETA: 0s - loss: 0.2318 - accuracy: 1.0000
20/20 [==============================] - 0s 7ms/step - loss: 0.2444 - accuracy: 1.0000
Epoch 68/300

 1/20 [>.............................] - ETA: 0s - loss: 0.2674 - accuracy: 1.0000
20/20 [==============================] - 0s 8ms/step - loss: 0.2440 - accuracy: 1.0000
Epoch 69/300

 1/20 [>.............................] - ETA: 0s - loss: 0.2336 - accuracy: 1.0000
20/20 [==============================] - 0s 7ms/step - loss: 0.2439 - accuracy: 1.0000
Epoch 70/300

 1/20 [>.............................] - ETA: 0s - loss: 0.2433 - accuracy: 1.0000
20/20 [==============================] - 0s 8ms/step - loss: 0.2433 - accuracy: 1.0000
Epoch 71/300

 1/20 [>.............................] - ETA: 0s - loss: 0.2519 - accuracy: 1.0000
20/20 [==============================] - 0s 7ms/step - loss: 0.2429 - accuracy: 1.0000
Epoch 72/300

 1/20 [>.............................] - ETA: 0s - loss: 0.2364 - accuracy: 1.0000
20/20 [==============================] - 0s 7ms/step - loss: 0.2426 - accuracy: 1.0000
Epoch 73/300

 1/20 [>.............................] - ETA: 0s - loss: 0.2305 - accuracy: 1.0000
20/20 [==============================] - 0s 8ms/step - loss: 0.2416 - accuracy: 1.0000
Epoch 74/300

 1/20 [>.............................] - ETA: 0s - loss: 0.2480 - accuracy: 1.0000
20/20 [==============================] - 0s 8ms/step - loss: 0.2415 - accuracy: 1.0000
Epoch 75/300

 1/20 [>.............................] - ETA: 0s - loss: 0.2409 - accuracy: 1.0000
20/20 [==============================] - 0s 8ms/step - loss: 0.2409 - accuracy: 1.0000
Epoch 76/300

 1/20 [>.............................] - ETA: 0s - loss: 0.2404 - accuracy: 1.0000
20/20 [==============================] - 0s 8ms/step - loss: 0.2419 - accuracy: 1.0000
Epoch 77/300

 1/20 [>.............................] - ETA: 0s - loss: 0.2445 - accuracy: 1.0000
20/20 [==============================] - 0s 8ms/step - loss: 0.2429 - accuracy: 1.0000
Epoch 78/300

 1/20 [>.............................] - ETA: 0s - loss: 0.2284 - accuracy: 1.0000
20/20 [==============================] - 0s 8ms/step - loss: 0.2417 - accuracy: 1.0000
Epoch 79/300

 1/20 [>.............................] - ETA: 0s - loss: 0.2333 - accuracy: 1.0000
20/20 [==============================] - 0s 10ms/step - loss: 0.2402 - accuracy: 1.0000
Epoch 80/300

 1/20 [>.............................] - ETA: 0s - loss: 0.2542 - accuracy: 1.0000
20/20 [==============================] - 0s 8ms/step - loss: 0.2401 - accuracy: 1.0000
Epoch 81/300

 1/20 [>.............................] - ETA: 0s - loss: 0.2385 - accuracy: 1.0000
20/20 [==============================] - 0s 8ms/step - loss: 0.2389 - accuracy: 1.0000
Epoch 82/300

 1/20 [>.............................] - ETA: 0s - loss: 0.2637 - accuracy: 1.0000
20/20 [==============================] - 0s 8ms/step - loss: 0.2385 - accuracy: 1.0000
Epoch 83/300

 1/20 [>.............................] - ETA: 0s - loss: 0.2238 - accuracy: 1.0000
20/20 [==============================] - 0s 8ms/step - loss: 0.2376 - accuracy: 1.0000
Epoch 84/300

 1/20 [>.............................] - ETA: 0s - loss: 0.2267 - accuracy: 1.0000
20/20 [==============================] - 0s 8ms/step - loss: 0.2374 - accuracy: 1.0000
Epoch 85/300

 1/20 [>.............................] - ETA: 0s - loss: 0.2420 - accuracy: 1.0000
20/20 [==============================] - 0s 7ms/step - loss: 0.2365 - accuracy: 1.0000
Epoch 86/300

 1/20 [>.............................] - ETA: 0s - loss: 0.2529 - accuracy: 1.0000
20/20 [==============================] - 0s 8ms/step - loss: 0.2374 - accuracy: 1.0000
Epoch 87/300

 1/20 [>.............................] - ETA: 0s - loss: 0.2259 - accuracy: 1.0000
20/20 [==============================] - 0s 7ms/step - loss: 0.2364 - accuracy: 1.0000
Epoch 88/300

 1/20 [>.............................] - ETA: 0s - loss: 0.2210 - accuracy: 1.0000
20/20 [==============================] - 0s 7ms/step - loss: 0.2351 - accuracy: 1.0000
Epoch 89/300

 1/20 [>.............................] - ETA: 0s - loss: 0.2320 - accuracy: 1.0000
20/20 [==============================] - 0s 7ms/step - loss: 0.2354 - accuracy: 1.0000
Epoch 90/300

 1/20 [>.............................] - ETA: 0s - loss: 0.2356 - accuracy: 1.0000
20/20 [==============================] - 0s 9ms/step - loss: 0.2352 - accuracy: 1.0000
Epoch 91/300

 1/20 [>.............................] - ETA: 0s - loss: 0.2239 - accuracy: 1.0000
20/20 [==============================] - 0s 8ms/step - loss: 0.2346 - accuracy: 1.0000
Epoch 92/300

 1/20 [>.............................] - ETA: 0s - loss: 0.2398 - accuracy: 1.0000
20/20 [==============================] - 0s 8ms/step - loss: 0.2342 - accuracy: 1.0000
Epoch 93/300

 1/20 [>.............................] - ETA: 0s - loss: 0.2461 - accuracy: 1.0000
20/20 [==============================] - 0s 8ms/step - loss: 0.2340 - accuracy: 1.0000
Epoch 94/300

 1/20 [>.............................] - ETA: 0s - loss: 0.2425 - accuracy: 1.0000
20/20 [==============================] - 0s 8ms/step - loss: 0.2330 - accuracy: 1.0000
Epoch 95/300

 1/20 [>.............................] - ETA: 0s - loss: 0.2281 - accuracy: 1.0000
20/20 [==============================] - 0s 8ms/step - loss: 0.2329 - accuracy: 1.0000
Epoch 96/300

 1/20 [>.............................] - ETA: 0s - loss: 0.2363 - accuracy: 1.0000
20/20 [==============================] - 0s 7ms/step - loss: 0.2334 - accuracy: 1.0000
Epoch 97/300

 1/20 [>.............................] - ETA: 0s - loss: 0.2308 - accuracy: 1.0000
20/20 [==============================] - 0s 7ms/step - loss: 0.2319 - accuracy: 1.0000
Epoch 98/300

 1/20 [>.............................] - ETA: 0s - loss: 0.2248 - accuracy: 1.0000
20/20 [==============================] - 0s 8ms/step - loss: 0.2315 - accuracy: 1.0000
Epoch 99/300

 1/20 [>.............................] - ETA: 0s - loss: 0.2404 - accuracy: 1.0000
20/20 [==============================] - 0s 8ms/step - loss: 0.2321 - accuracy: 1.0000
Epoch 100/300

 1/20 [>.............................] - ETA: 0s - loss: 0.2519 - accuracy: 1.0000
20/20 [==============================] - 0s 7ms/step - loss: 0.2312 - accuracy: 1.0000
Epoch 101/300

 1/20 [>.............................] - ETA: 0s - loss: 0.2315 - accuracy: 1.0000
20/20 [==============================] - 0s 7ms/step - loss: 0.2311 - accuracy: 1.0000
Epoch 102/300

 1/20 [>.............................] - ETA: 0s - loss: 0.2276 - accuracy: 1.0000
20/20 [==============================] - 0s 7ms/step - loss: 0.2295 - accuracy: 1.0000
Epoch 103/300

 1/20 [>.............................] - ETA: 0s - loss: 0.2269 - accuracy: 1.0000
20/20 [==============================] - 0s 8ms/step - loss: 0.2314 - accuracy: 1.0000
Epoch 104/300

 1/20 [>.............................] - ETA: 0s - loss: 0.2281 - accuracy: 1.0000
20/20 [==============================] - 0s 8ms/step - loss: 0.2291 - accuracy: 1.0000
Epoch 105/300

 1/20 [>.............................] - ETA: 0s - loss: 0.2322 - accuracy: 1.0000
20/20 [==============================] - 0s 7ms/step - loss: 0.2287 - accuracy: 1.0000
Epoch 106/300

 1/20 [>.............................] - ETA: 0s - loss: 0.2160 - accuracy: 1.0000
20/20 [==============================] - 0s 8ms/step - loss: 0.2296 - accuracy: 1.0000
Epoch 107/300

 1/20 [>.............................] - ETA: 0s - loss: 0.2323 - accuracy: 1.0000
20/20 [==============================] - 0s 7ms/step - loss: 0.2302 - accuracy: 1.0000
Epoch 108/300

 1/20 [>.............................] - ETA: 0s - loss: 0.2205 - accuracy: 1.0000
20/20 [==============================] - 0s 8ms/step - loss: 0.2282 - accuracy: 1.0000
Epoch 109/300

 1/20 [>.............................] - ETA: 0s - loss: 0.2230 - accuracy: 1.0000
20/20 [==============================] - 0s 7ms/step - loss: 0.2283 - accuracy: 1.0000
Epoch 110/300

 1/20 [>.............................] - ETA: 0s - loss: 0.2363 - accuracy: 1.0000
20/20 [==============================] - 0s 8ms/step - loss: 0.2270 - accuracy: 1.0000
Epoch 111/300

 1/20 [>.............................] - ETA: 0s - loss: 0.2330 - accuracy: 1.0000
20/20 [==============================] - 0s 7ms/step - loss: 0.2306 - accuracy: 0.9975
Epoch 112/300

 1/20 [>.............................] - ETA: 0s - loss: 0.2324 - accuracy: 1.0000
20/20 [==============================] - 0s 7ms/step - loss: 0.2273 - accuracy: 1.0000
Epoch 113/300

 1/20 [>.............................] - ETA: 0s - loss: 0.2276 - accuracy: 1.0000
20/20 [==============================] - 0s 7ms/step - loss: 0.2272 - accuracy: 1.0000
Epoch 114/300

 1/20 [>.............................] - ETA: 0s - loss: 0.2288 - accuracy: 1.0000
20/20 [==============================] - 0s 8ms/step - loss: 0.2262 - accuracy: 1.0000
Epoch 115/300

 1/20 [>.............................] - ETA: 0s - loss: 0.2293 - accuracy: 1.0000
20/20 [==============================] - 0s 7ms/step - loss: 0.2256 - accuracy: 1.0000
Epoch 116/300

 1/20 [>.............................] - ETA: 0s - loss: 0.2239 - accuracy: 1.0000
20/20 [==============================] - 0s 8ms/step - loss: 0.2254 - accuracy: 1.0000
Epoch 117/300

 1/20 [>.............................] - ETA: 0s - loss: 0.2243 - accuracy: 1.0000
20/20 [==============================] - 0s 8ms/step - loss: 0.2239 - accuracy: 1.0000
Epoch 118/300

 1/20 [>.............................] - ETA: 0s - loss: 0.2252 - accuracy: 1.0000
20/20 [==============================] - 0s 7ms/step - loss: 0.2237 - accuracy: 1.0000
Epoch 119/300

 1/20 [>.............................] - ETA: 0s - loss: 0.2200 - accuracy: 1.0000
20/20 [==============================] - 0s 8ms/step - loss: 0.2233 - accuracy: 1.0000
Epoch 120/300

 1/20 [>.............................] - ETA: 0s - loss: 0.2192 - accuracy: 1.0000
20/20 [==============================] - 0s 7ms/step - loss: 0.2229 - accuracy: 1.0000
Epoch 121/300

 1/20 [>.............................] - ETA: 0s - loss: 0.2195 - accuracy: 1.0000
20/20 [==============================] - 0s 8ms/step - loss: 0.2231 - accuracy: 1.0000
Epoch 122/300

 1/20 [>.............................] - ETA: 0s - loss: 0.2227 - accuracy: 1.0000
20/20 [==============================] - 0s 7ms/step - loss: 0.2234 - accuracy: 1.0000
Epoch 123/300

 1/20 [>.............................] - ETA: 0s - loss: 0.2240 - accuracy: 1.0000
20/20 [==============================] - 0s 7ms/step - loss: 0.2231 - accuracy: 1.0000
Epoch 124/300

 1/20 [>.............................] - ETA: 0s - loss: 0.2167 - accuracy: 1.0000
20/20 [==============================] - 0s 9ms/step - loss: 0.2235 - accuracy: 1.0000
Epoch 125/300

 1/20 [>.............................] - ETA: 0s - loss: 0.2259 - accuracy: 1.0000
20/20 [==============================] - 0s 8ms/step - loss: 0.2220 - accuracy: 1.0000
Epoch 126/300

 1/20 [>.............................] - ETA: 0s - loss: 0.2135 - accuracy: 1.0000
20/20 [==============================] - 0s 8ms/step - loss: 0.2211 - accuracy: 1.0000
Epoch 127/300

 1/20 [>.............................] - ETA: 0s - loss: 0.2303 - accuracy: 1.0000
20/20 [==============================] - 0s 9ms/step - loss: 0.2205 - accuracy: 1.0000
Epoch 128/300

 1/20 [>.............................] - ETA: 0s - loss: 0.2265 - accuracy: 1.0000
20/20 [==============================] - 0s 7ms/step - loss: 0.2209 - accuracy: 1.0000
Epoch 129/300

 1/20 [>.............................] - ETA: 0s - loss: 0.2207 - accuracy: 1.0000
20/20 [==============================] - 0s 8ms/step - loss: 0.2200 - accuracy: 1.0000
Epoch 130/300

 1/20 [>.............................] - ETA: 0s - loss: 0.2107 - accuracy: 1.0000
20/20 [==============================] - 0s 7ms/step - loss: 0.2200 - accuracy: 1.0000
Epoch 131/300

 1/20 [>.............................] - ETA: 0s - loss: 0.2223 - accuracy: 1.0000
20/20 [==============================] - 0s 8ms/step - loss: 0.2192 - accuracy: 1.0000
Epoch 132/300

 1/20 [>.............................] - ETA: 0s - loss: 0.2348 - accuracy: 1.0000
20/20 [==============================] - 0s 8ms/step - loss: 0.2206 - accuracy: 1.0000
Epoch 133/300

 1/20 [>.............................] - ETA: 0s - loss: 0.2439 - accuracy: 1.0000
20/20 [==============================] - 0s 7ms/step - loss: 0.2191 - accuracy: 1.0000
Epoch 134/300

 1/20 [>.............................] - ETA: 0s - loss: 0.2137 - accuracy: 1.0000
20/20 [==============================] - 0s 7ms/step - loss: 0.2192 - accuracy: 1.0000
Epoch 135/300

 1/20 [>.............................] - ETA: 0s - loss: 0.2145 - accuracy: 1.0000
20/20 [==============================] - 0s 7ms/step - loss: 0.2188 - accuracy: 1.0000
Epoch 136/300

 1/20 [>.............................] - ETA: 0s - loss: 0.2175 - accuracy: 1.0000
20/20 [==============================] - 0s 8ms/step - loss: 0.2183 - accuracy: 1.0000
Epoch 137/300

 1/20 [>.............................] - ETA: 0s - loss: 0.2079 - accuracy: 1.0000
20/20 [==============================] - 0s 7ms/step - loss: 0.2187 - accuracy: 1.0000
Epoch 138/300

 1/20 [>.............................] - ETA: 0s - loss: 0.2381 - accuracy: 1.0000
20/20 [==============================] - 0s 7ms/step - loss: 0.2173 - accuracy: 1.0000
Epoch 139/300

 1/20 [>.............................] - ETA: 0s - loss: 0.2115 - accuracy: 1.0000
20/20 [==============================] - 0s 8ms/step - loss: 0.2179 - accuracy: 1.0000
Epoch 140/300

 1/20 [>.............................] - ETA: 0s - loss: 0.2217 - accuracy: 1.0000
20/20 [==============================] - 0s 8ms/step - loss: 0.2176 - accuracy: 1.0000
Epoch 141/300

 1/20 [>.............................] - ETA: 0s - loss: 0.2104 - accuracy: 1.0000
20/20 [==============================] - 0s 7ms/step - loss: 0.2180 - accuracy: 1.0000
Epoch 142/300

 1/20 [>.............................] - ETA: 0s - loss: 0.1962 - accuracy: 1.0000
20/20 [==============================] - 0s 8ms/step - loss: 0.2169 - accuracy: 1.0000
Epoch 143/300

 1/20 [>.............................] - ETA: 0s - loss: 0.2131 - accuracy: 1.0000
20/20 [==============================] - 0s 7ms/step - loss: 0.2161 - accuracy: 1.0000
Epoch 144/300

 1/20 [>.............................] - ETA: 0s - loss: 0.2164 - accuracy: 1.0000
20/20 [==============================] - 0s 7ms/step - loss: 0.2161 - accuracy: 1.0000
Epoch 145/300

 1/20 [>.............................] - ETA: 0s - loss: 0.2132 - accuracy: 1.0000
20/20 [==============================] - 0s 7ms/step - loss: 0.2153 - accuracy: 1.0000
Epoch 146/300

 1/20 [>.............................] - ETA: 0s - loss: 0.2074 - accuracy: 1.0000
20/20 [==============================] - 0s 7ms/step - loss: 0.2149 - accuracy: 1.0000
Epoch 147/300

 1/20 [>.............................] - ETA: 0s - loss: 0.2116 - accuracy: 1.0000
20/20 [==============================] - 0s 8ms/step - loss: 0.2142 - accuracy: 1.0000
Epoch 148/300

 1/20 [>.............................] - ETA: 0s - loss: 0.2101 - accuracy: 1.0000
20/20 [==============================] - 0s 7ms/step - loss: 0.2144 - accuracy: 1.0000
Epoch 149/300

 1/20 [>.............................] - ETA: 0s - loss: 0.2178 - accuracy: 1.0000
20/20 [==============================] - 0s 8ms/step - loss: 0.2164 - accuracy: 1.0000
Epoch 150/300

 1/20 [>.............................] - ETA: 0s - loss: 0.2076 - accuracy: 1.0000
20/20 [==============================] - 0s 7ms/step - loss: 0.2178 - accuracy: 1.0000
Epoch 151/300

 1/20 [>.............................] - ETA: 0s - loss: 0.2034 - accuracy: 1.0000
20/20 [==============================] - 0s 7ms/step - loss: 0.2149 - accuracy: 1.0000
Epoch 152/300

 1/20 [>.............................] - ETA: 0s - loss: 0.2139 - accuracy: 1.0000
20/20 [==============================] - 0s 8ms/step - loss: 0.2137 - accuracy: 1.0000
Epoch 153/300

 1/20 [>.............................] - ETA: 0s - loss: 0.2063 - accuracy: 1.0000
20/20 [==============================] - 0s 7ms/step - loss: 0.2130 - accuracy: 1.0000
Epoch 154/300

 1/20 [>.............................] - ETA: 0s - loss: 0.1984 - accuracy: 1.0000
20/20 [==============================] - 0s 8ms/step - loss: 0.2128 - accuracy: 1.0000
Epoch 155/300

 1/20 [>.............................] - ETA: 0s - loss: 0.2151 - accuracy: 1.0000
20/20 [==============================] - 0s 7ms/step - loss: 0.2140 - accuracy: 1.0000
Epoch 156/300

 1/20 [>.............................] - ETA: 0s - loss: 0.2169 - accuracy: 1.0000
20/20 [==============================] - 0s 7ms/step - loss: 0.2137 - accuracy: 1.0000
Epoch 157/300

 1/20 [>.............................] - ETA: 0s - loss: 0.2067 - accuracy: 1.0000
20/20 [==============================] - 0s 7ms/step - loss: 0.2124 - accuracy: 1.0000
Epoch 158/300

 1/20 [>.............................] - ETA: 0s - loss: 0.2148 - accuracy: 1.0000
20/20 [==============================] - 0s 8ms/step - loss: 0.2127 - accuracy: 1.0000
Epoch 159/300

 1/20 [>.............................] - ETA: 0s - loss: 0.2002 - accuracy: 1.0000
20/20 [==============================] - 0s 8ms/step - loss: 0.2109 - accuracy: 1.0000
Epoch 160/300

 1/20 [>.............................] - ETA: 0s - loss: 0.2146 - accuracy: 1.0000
20/20 [==============================] - 0s 8ms/step - loss: 0.2104 - accuracy: 1.0000
Epoch 161/300

 1/20 [>.............................] - ETA: 0s - loss: 0.2119 - accuracy: 1.0000
20/20 [==============================] - 0s 8ms/step - loss: 0.2100 - accuracy: 1.0000
Epoch 162/300

 1/20 [>.............................] - ETA: 0s - loss: 0.2191 - accuracy: 1.0000
20/20 [==============================] - 0s 8ms/step - loss: 0.2111 - accuracy: 1.0000
Epoch 163/300

 1/20 [>.............................] - ETA: 0s - loss: 0.2135 - accuracy: 1.0000
20/20 [==============================] - 0s 7ms/step - loss: 0.2102 - accuracy: 1.0000
Epoch 164/300

 1/20 [>.............................] - ETA: 0s - loss: 0.2178 - accuracy: 1.0000
20/20 [==============================] - 0s 9ms/step - loss: 0.2099 - accuracy: 1.0000
Epoch 165/300

 1/20 [>.............................] - ETA: 0s - loss: 0.2123 - accuracy: 1.0000
20/20 [==============================] - 0s 7ms/step - loss: 0.2102 - accuracy: 1.0000
Epoch 166/300

 1/20 [>.............................] - ETA: 0s - loss: 0.2052 - accuracy: 1.0000
20/20 [==============================] - 0s 8ms/step - loss: 0.2093 - accuracy: 1.0000
Epoch 167/300

 1/20 [>.............................] - ETA: 0s - loss: 0.2053 - accuracy: 1.0000
20/20 [==============================] - 0s 7ms/step - loss: 0.2179 - accuracy: 0.9950
Epoch 168/300

 1/20 [>.............................] - ETA: 0s - loss: 0.2172 - accuracy: 1.0000
20/20 [==============================] - 0s 7ms/step - loss: 0.2093 - accuracy: 1.0000
Epoch 169/300

 1/20 [>.............................] - ETA: 0s - loss: 0.2000 - accuracy: 1.0000
20/20 [==============================] - 0s 8ms/step - loss: 0.2081 - accuracy: 1.0000
Epoch 170/300

 1/20 [>.............................] - ETA: 0s - loss: 0.1924 - accuracy: 1.0000
20/20 [==============================] - 0s 8ms/step - loss: 0.2086 - accuracy: 1.0000
Epoch 171/300

 1/20 [>.............................] - ETA: 0s - loss: 0.2022 - accuracy: 1.0000
20/20 [==============================] - 0s 7ms/step - loss: 0.2086 - accuracy: 1.0000
Epoch 172/300

 1/20 [>.............................] - ETA: 0s - loss: 0.1984 - accuracy: 1.0000
20/20 [==============================] - 0s 17ms/step - loss: 0.2079 - accuracy: 1.0000
Epoch 173/300

 1/20 [>.............................] - ETA: 0s - loss: 0.2017 - accuracy: 1.0000
20/20 [==============================] - 0s 8ms/step - loss: 0.2079 - accuracy: 1.0000
Epoch 174/300

 1/20 [>.............................] - ETA: 0s - loss: 0.2027 - accuracy: 1.0000
20/20 [==============================] - 0s 7ms/step - loss: 0.2092 - accuracy: 1.0000
Epoch 175/300

 1/20 [>.............................] - ETA: 0s - loss: 0.1980 - accuracy: 1.0000
20/20 [==============================] - 0s 7ms/step - loss: 0.2075 - accuracy: 1.0000
Epoch 176/300

 1/20 [>.............................] - ETA: 0s - loss: 0.2118 - accuracy: 1.0000
20/20 [==============================] - 0s 8ms/step - loss: 0.2082 - accuracy: 1.0000
Epoch 177/300

 1/20 [>.............................] - ETA: 0s - loss: 0.1999 - accuracy: 1.0000
20/20 [==============================] - 0s 7ms/step - loss: 0.2074 - accuracy: 1.0000
Epoch 178/300

 1/20 [>.............................] - ETA: 0s - loss: 0.2024 - accuracy: 1.0000
20/20 [==============================] - 0s 7ms/step - loss: 0.2066 - accuracy: 1.0000
Epoch 179/300

 1/20 [>.............................] - ETA: 0s - loss: 0.2152 - accuracy: 1.0000
20/20 [==============================] - 0s 7ms/step - loss: 0.2082 - accuracy: 1.0000
Epoch 180/300

 1/20 [>.............................] - ETA: 0s - loss: 0.2274 - accuracy: 1.0000
20/20 [==============================] - 0s 8ms/step - loss: 0.2068 - accuracy: 1.0000
Epoch 181/300

 1/20 [>.............................] - ETA: 0s - loss: 0.2144 - accuracy: 1.0000
20/20 [==============================] - 0s 8ms/step - loss: 0.2059 - accuracy: 1.0000
Epoch 182/300

 1/20 [>.............................] - ETA: 0s - loss: 0.2060 - accuracy: 1.0000
20/20 [==============================] - 0s 8ms/step - loss: 0.2063 - accuracy: 1.0000
Epoch 183/300

 1/20 [>.............................] - ETA: 0s - loss: 0.2005 - accuracy: 1.0000
20/20 [==============================] - 0s 8ms/step - loss: 0.2058 - accuracy: 1.0000
Epoch 184/300

 1/20 [>.............................] - ETA: 0s - loss: 0.2081 - accuracy: 1.0000
20/20 [==============================] - 0s 7ms/step - loss: 0.2054 - accuracy: 1.0000
Epoch 185/300

 1/20 [>.............................] - ETA: 0s - loss: 0.2123 - accuracy: 1.0000
20/20 [==============================] - 0s 8ms/step - loss: 0.2052 - accuracy: 1.0000
Epoch 186/300

 1/20 [>.............................] - ETA: 0s - loss: 0.2054 - accuracy: 1.0000
20/20 [==============================] - 0s 8ms/step - loss: 0.2051 - accuracy: 1.0000
Epoch 187/300

 1/20 [>.............................] - ETA: 0s - loss: 0.1898 - accuracy: 1.0000
20/20 [==============================] - 0s 7ms/step - loss: 0.2033 - accuracy: 1.0000
Epoch 188/300

 1/20 [>.............................] - ETA: 0s - loss: 0.1987 - accuracy: 1.0000
20/20 [==============================] - 0s 8ms/step - loss: 0.2055 - accuracy: 1.0000
Epoch 189/300

 1/20 [>.............................] - ETA: 0s - loss: 0.1971 - accuracy: 1.0000
20/20 [==============================] - 0s 8ms/step - loss: 0.2038 - accuracy: 1.0000
Epoch 190/300

 1/20 [>.............................] - ETA: 0s - loss: 0.2202 - accuracy: 1.0000
20/20 [==============================] - 0s 8ms/step - loss: 0.2024 - accuracy: 1.0000
Epoch 191/300

 1/20 [>.............................] - ETA: 0s - loss: 0.1937 - accuracy: 1.0000
20/20 [==============================] - 0s 8ms/step - loss: 0.2051 - accuracy: 1.0000
Epoch 192/300

 1/20 [>.............................] - ETA: 0s - loss: 0.1890 - accuracy: 1.0000
20/20 [==============================] - 0s 8ms/step - loss: 0.2073 - accuracy: 1.0000
Epoch 193/300

 1/20 [>.............................] - ETA: 0s - loss: 0.2000 - accuracy: 1.0000
20/20 [==============================] - 0s 7ms/step - loss: 0.2027 - accuracy: 1.0000
Epoch 194/300

 1/20 [>.............................] - ETA: 0s - loss: 0.1955 - accuracy: 1.0000
20/20 [==============================] - 0s 7ms/step - loss: 0.2026 - accuracy: 1.0000
Epoch 195/300

 1/20 [>.............................] - ETA: 0s - loss: 0.2062 - accuracy: 1.0000
20/20 [==============================] - 0s 8ms/step - loss: 0.2016 - accuracy: 1.0000
Epoch 196/300

 1/20 [>.............................] - ETA: 0s - loss: 0.1954 - accuracy: 1.0000
20/20 [==============================] - 0s 8ms/step - loss: 0.2003 - accuracy: 1.0000
Epoch 197/300

 1/20 [>.............................] - ETA: 0s - loss: 0.1922 - accuracy: 1.0000
20/20 [==============================] - 0s 7ms/step - loss: 0.2105 - accuracy: 0.9975
Epoch 198/300

 1/20 [>.............................] - ETA: 0s - loss: 0.2021 - accuracy: 1.0000
20/20 [==============================] - 0s 8ms/step - loss: 0.2017 - accuracy: 1.0000
Epoch 199/300

 1/20 [>.............................] - ETA: 0s - loss: 0.2169 - accuracy: 1.0000
20/20 [==============================] - 0s 7ms/step - loss: 0.2029 - accuracy: 1.0000
Epoch 200/300

 1/20 [>.............................] - ETA: 0s - loss: 0.2038 - accuracy: 1.0000
20/20 [==============================] - 0s 7ms/step - loss: 0.2014 - accuracy: 1.0000
Epoch 201/300

 1/20 [>.............................] - ETA: 0s - loss: 0.1899 - accuracy: 1.0000
20/20 [==============================] - 0s 8ms/step - loss: 0.2011 - accuracy: 1.0000
Epoch 202/300

 1/20 [>.............................] - ETA: 0s - loss: 0.1964 - accuracy: 1.0000
20/20 [==============================] - 0s 8ms/step - loss: 0.2001 - accuracy: 1.0000
Epoch 203/300

 1/20 [>.............................] - ETA: 0s - loss: 0.2018 - accuracy: 1.0000
20/20 [==============================] - 0s 7ms/step - loss: 0.2032 - accuracy: 1.0000
Epoch 204/300

 1/20 [>.............................] - ETA: 0s - loss: 0.1986 - accuracy: 1.0000
20/20 [==============================] - 0s 8ms/step - loss: 0.2000 - accuracy: 1.0000
Epoch 205/300

 1/20 [>.............................] - ETA: 0s - loss: 0.1943 - accuracy: 1.0000
20/20 [==============================] - 0s 7ms/step - loss: 0.2005 - accuracy: 1.0000
Epoch 206/300

 1/20 [>.............................] - ETA: 0s - loss: 0.2167 - accuracy: 1.0000
20/20 [==============================] - 0s 8ms/step - loss: 0.1990 - accuracy: 1.0000
Epoch 207/300

 1/20 [>.............................] - ETA: 0s - loss: 0.1883 - accuracy: 1.0000
20/20 [==============================] - 0s 7ms/step - loss: 0.2009 - accuracy: 1.0000
Epoch 208/300

 1/20 [>.............................] - ETA: 0s - loss: 0.2040 - accuracy: 1.0000
20/20 [==============================] - 0s 8ms/step - loss: 0.1992 - accuracy: 1.0000
Epoch 209/300

 1/20 [>.............................] - ETA: 0s - loss: 0.2073 - accuracy: 1.0000
20/20 [==============================] - 0s 7ms/step - loss: 0.2000 - accuracy: 1.0000
Epoch 210/300

 1/20 [>.............................] - ETA: 0s - loss: 0.1891 - accuracy: 1.0000
20/20 [==============================] - 0s 8ms/step - loss: 0.1987 - accuracy: 1.0000
Epoch 211/300

 1/20 [>.............................] - ETA: 0s - loss: 0.1900 - accuracy: 1.0000
20/20 [==============================] - 0s 7ms/step - loss: 0.1981 - accuracy: 1.0000
Epoch 212/300

 1/20 [>.............................] - ETA: 0s - loss: 0.1918 - accuracy: 1.0000
20/20 [==============================] - 0s 8ms/step - loss: 0.1976 - accuracy: 1.0000
Epoch 213/300

 1/20 [>.............................] - ETA: 0s - loss: 0.1995 - accuracy: 1.0000
20/20 [==============================] - 0s 7ms/step - loss: 0.1994 - accuracy: 1.0000
Epoch 214/300

 1/20 [>.............................] - ETA: 0s - loss: 0.2010 - accuracy: 1.0000
20/20 [==============================] - 0s 8ms/step - loss: 0.1973 - accuracy: 1.0000
Epoch 215/300

 1/20 [>.............................] - ETA: 0s - loss: 0.1925 - accuracy: 1.0000
20/20 [==============================] - 0s 7ms/step - loss: 0.1968 - accuracy: 1.0000
Epoch 216/300

 1/20 [>.............................] - ETA: 0s - loss: 0.1964 - accuracy: 1.0000
20/20 [==============================] - 0s 8ms/step - loss: 0.1964 - accuracy: 1.0000
Epoch 217/300

 1/20 [>.............................] - ETA: 0s - loss: 0.1915 - accuracy: 1.0000
20/20 [==============================] - 0s 7ms/step - loss: 0.1973 - accuracy: 1.0000
Epoch 218/300

 1/20 [>.............................] - ETA: 0s - loss: 0.1829 - accuracy: 1.0000
20/20 [==============================] - 0s 7ms/step - loss: 0.1980 - accuracy: 1.0000
Epoch 219/300

 1/20 [>.............................] - ETA: 0s - loss: 0.1992 - accuracy: 1.0000
20/20 [==============================] - 0s 8ms/step - loss: 0.1970 - accuracy: 1.0000
Epoch 220/300

 1/20 [>.............................] - ETA: 0s - loss: 0.1923 - accuracy: 1.0000
20/20 [==============================] - 0s 7ms/step - loss: 0.2059 - accuracy: 1.0000
Epoch 221/300

 1/20 [>.............................] - ETA: 0s - loss: 0.2263 - accuracy: 1.0000
20/20 [==============================] - 0s 8ms/step - loss: 0.1994 - accuracy: 1.0000
Epoch 222/300

 1/20 [>.............................] - ETA: 0s - loss: 0.1997 - accuracy: 1.0000
20/20 [==============================] - 0s 8ms/step - loss: 0.1964 - accuracy: 1.0000
Epoch 223/300

 1/20 [>.............................] - ETA: 0s - loss: 0.1879 - accuracy: 1.0000
20/20 [==============================] - 0s 7ms/step - loss: 0.1949 - accuracy: 1.0000
Epoch 224/300

 1/20 [>.............................] - ETA: 0s - loss: 0.1967 - accuracy: 1.0000
20/20 [==============================] - 0s 8ms/step - loss: 0.1966 - accuracy: 1.0000
Epoch 225/300

 1/20 [>.............................] - ETA: 0s - loss: 0.1842 - accuracy: 1.0000
20/20 [==============================] - 0s 8ms/step - loss: 0.1952 - accuracy: 1.0000
Epoch 226/300

 1/20 [>.............................] - ETA: 0s - loss: 0.2175 - accuracy: 1.0000
20/20 [==============================] - 0s 8ms/step - loss: 0.1947 - accuracy: 1.0000
Epoch 227/300

 1/20 [>.............................] - ETA: 0s - loss: 0.1902 - accuracy: 1.0000
20/20 [==============================] - 0s 8ms/step - loss: 0.1944 - accuracy: 1.0000
Epoch 228/300

 1/20 [>.............................] - ETA: 0s - loss: 0.1835 - accuracy: 1.0000
20/20 [==============================] - 0s 8ms/step - loss: 0.1965 - accuracy: 1.0000
Epoch 229/300

 1/20 [>.............................] - ETA: 0s - loss: 0.1886 - accuracy: 1.0000
20/20 [==============================] - 0s 9ms/step - loss: 0.1948 - accuracy: 1.0000
Epoch 230/300

 1/20 [>.............................] - ETA: 0s - loss: 0.2052 - accuracy: 1.0000
20/20 [==============================] - 0s 7ms/step - loss: 0.1962 - accuracy: 1.0000
Epoch 231/300

 1/20 [>.............................] - ETA: 0s - loss: 0.1881 - accuracy: 1.0000
20/20 [==============================] - 0s 7ms/step - loss: 0.1944 - accuracy: 1.0000
Epoch 232/300

 1/20 [>.............................] - ETA: 0s - loss: 0.2034 - accuracy: 1.0000
20/20 [==============================] - 0s 8ms/step - loss: 0.1958 - accuracy: 1.0000
Epoch 233/300

 1/20 [>.............................] - ETA: 0s - loss: 0.1766 - accuracy: 1.0000
20/20 [==============================] - 0s 7ms/step - loss: 0.1942 - accuracy: 1.0000
Epoch 234/300

 1/20 [>.............................] - ETA: 0s - loss: 0.1839 - accuracy: 1.0000
20/20 [==============================] - 0s 8ms/step - loss: 0.1992 - accuracy: 1.0000
Epoch 235/300

 1/20 [>.............................] - ETA: 0s - loss: 0.1916 - accuracy: 1.0000
20/20 [==============================] - 0s 7ms/step - loss: 0.1941 - accuracy: 1.0000
Epoch 236/300

 1/20 [>.............................] - ETA: 0s - loss: 0.1905 - accuracy: 1.0000
20/20 [==============================] - 0s 7ms/step - loss: 0.1919 - accuracy: 1.0000
Epoch 237/300

 1/20 [>.............................] - ETA: 0s - loss: 0.1950 - accuracy: 1.0000
20/20 [==============================] - 0s 8ms/step - loss: 0.2021 - accuracy: 1.0000
Epoch 238/300

 1/20 [>.............................] - ETA: 0s - loss: 0.1917 - accuracy: 1.0000
20/20 [==============================] - 0s 7ms/step - loss: 0.1949 - accuracy: 1.0000
Epoch 239/300

 1/20 [>.............................] - ETA: 0s - loss: 0.2036 - accuracy: 1.0000
20/20 [==============================] - 0s 8ms/step - loss: 0.1922 - accuracy: 1.0000
Epoch 240/300

 1/20 [>.............................] - ETA: 0s - loss: 0.1911 - accuracy: 1.0000
20/20 [==============================] - 0s 8ms/step - loss: 0.1939 - accuracy: 1.0000
Epoch 241/300

 1/20 [>.............................] - ETA: 0s - loss: 0.1994 - accuracy: 1.0000
20/20 [==============================] - 0s 8ms/step - loss: 0.1930 - accuracy: 1.0000
Epoch 242/300

 1/20 [>.............................] - ETA: 0s - loss: 0.2035 - accuracy: 1.0000
20/20 [==============================] - 0s 7ms/step - loss: 0.1915 - accuracy: 1.0000
Epoch 243/300

 1/20 [>.............................] - ETA: 0s - loss: 0.2059 - accuracy: 1.0000
20/20 [==============================] - 0s 8ms/step - loss: 0.2065 - accuracy: 1.0000
Epoch 244/300

 1/20 [>.............................] - ETA: 0s - loss: 0.1836 - accuracy: 1.0000
20/20 [==============================] - 0s 7ms/step - loss: 0.1960 - accuracy: 1.0000
Epoch 245/300

 1/20 [>.............................] - ETA: 0s - loss: 0.2058 - accuracy: 1.0000
20/20 [==============================] - 0s 7ms/step - loss: 0.1911 - accuracy: 1.0000
Epoch 246/300

 1/20 [>.............................] - ETA: 0s - loss: 0.1915 - accuracy: 1.0000
20/20 [==============================] - 0s 8ms/step - loss: 0.1908 - accuracy: 1.0000
Epoch 247/300

 1/20 [>.............................] - ETA: 0s - loss: 0.1866 - accuracy: 1.0000
20/20 [==============================] - 0s 7ms/step - loss: 0.1972 - accuracy: 1.0000
Epoch 248/300

 1/20 [>.............................] - ETA: 0s - loss: 0.1950 - accuracy: 1.0000
20/20 [==============================] - 0s 7ms/step - loss: 0.1913 - accuracy: 1.0000
Epoch 249/300

 1/20 [>.............................] - ETA: 0s - loss: 0.1797 - accuracy: 1.0000
20/20 [==============================] - 0s 7ms/step - loss: 0.1900 - accuracy: 1.0000
Epoch 250/300

 1/20 [>.............................] - ETA: 0s - loss: 0.1818 - accuracy: 1.0000
20/20 [==============================] - 0s 7ms/step - loss: 0.1967 - accuracy: 1.0000
Epoch 251/300

 1/20 [>.............................] - ETA: 0s - loss: 0.1747 - accuracy: 1.0000
20/20 [==============================] - 0s 7ms/step - loss: 0.1950 - accuracy: 1.0000
Epoch 252/300

 1/20 [>.............................] - ETA: 0s - loss: 0.2005 - accuracy: 1.0000
20/20 [==============================] - 0s 7ms/step - loss: 0.1893 - accuracy: 1.0000
Epoch 253/300

 1/20 [>.............................] - ETA: 0s - loss: 0.1877 - accuracy: 1.0000
20/20 [==============================] - 0s 7ms/step - loss: 0.1940 - accuracy: 1.0000
Epoch 254/300

 1/20 [>.............................] - ETA: 0s - loss: 0.2026 - accuracy: 1.0000
20/20 [==============================] - 0s 7ms/step - loss: 0.1925 - accuracy: 1.0000
Epoch 255/300

 1/20 [>.............................] - ETA: 0s - loss: 0.1853 - accuracy: 1.0000
20/20 [==============================] - 0s 7ms/step - loss: 0.1920 - accuracy: 1.0000
Epoch 256/300

 1/20 [>.............................] - ETA: 0s - loss: 0.1858 - accuracy: 1.0000
20/20 [==============================] - 0s 8ms/step - loss: 0.1909 - accuracy: 1.0000
Epoch 257/300

 1/20 [>.............................] - ETA: 0s - loss: 0.1915 - accuracy: 1.0000
20/20 [==============================] - 0s 7ms/step - loss: 0.1882 - accuracy: 1.0000
Epoch 258/300

 1/20 [>.............................] - ETA: 0s - loss: 0.1884 - accuracy: 1.0000
20/20 [==============================] - 0s 7ms/step - loss: 0.1878 - accuracy: 1.0000
Epoch 259/300

 1/20 [>.............................] - ETA: 0s - loss: 0.1966 - accuracy: 1.0000
20/20 [==============================] - 0s 10ms/step - loss: 0.1908 - accuracy: 1.0000
Epoch 260/300

 1/20 [>.............................] - ETA: 0s - loss: 0.1795 - accuracy: 1.0000
20/20 [==============================] - 0s 8ms/step - loss: 0.1879 - accuracy: 1.0000
Epoch 261/300

 1/20 [>.............................] - ETA: 0s - loss: 0.1789 - accuracy: 1.0000
20/20 [==============================] - 0s 7ms/step - loss: 0.1874 - accuracy: 1.0000
Epoch 262/300

 1/20 [>.............................] - ETA: 0s - loss: 0.1851 - accuracy: 1.0000
20/20 [==============================] - 0s 7ms/step - loss: 0.1903 - accuracy: 1.0000
Epoch 263/300

 1/20 [>.............................] - ETA: 0s - loss: 0.1958 - accuracy: 1.0000
20/20 [==============================] - 0s 8ms/step - loss: 0.1893 - accuracy: 1.0000
Epoch 264/300

 1/20 [>.............................] - ETA: 0s - loss: 0.1954 - accuracy: 1.0000
20/20 [==============================] - 0s 7ms/step - loss: 0.1970 - accuracy: 1.0000
Epoch 265/300

 1/20 [>.............................] - ETA: 0s - loss: 0.1780 - accuracy: 1.0000
20/20 [==============================] - 0s 7ms/step - loss: 0.1879 - accuracy: 1.0000
Epoch 266/300

 1/20 [>.............................] - ETA: 0s - loss: 0.1807 - accuracy: 1.0000
20/20 [==============================] - 0s 8ms/step - loss: 0.2968 - accuracy: 0.9849
Epoch 267/300

 1/20 [>.............................] - ETA: 0s - loss: 0.2376 - accuracy: 1.0000
20/20 [==============================] - 0s 7ms/step - loss: 0.2117 - accuracy: 1.0000
Epoch 268/300

 1/20 [>.............................] - ETA: 0s - loss: 0.1989 - accuracy: 1.0000
20/20 [==============================] - 0s 7ms/step - loss: 0.1962 - accuracy: 1.0000
Epoch 269/300

 1/20 [>.............................] - ETA: 0s - loss: 0.2186 - accuracy: 1.0000
20/20 [==============================] - 0s 7ms/step - loss: 0.1922 - accuracy: 1.0000
Epoch 270/300

 1/20 [>.............................] - ETA: 0s - loss: 0.1975 - accuracy: 1.0000
20/20 [==============================] - 0s 8ms/step - loss: 0.1884 - accuracy: 1.0000
Epoch 271/300

 1/20 [>.............................] - ETA: 0s - loss: 0.2047 - accuracy: 1.0000
20/20 [==============================] - 0s 7ms/step - loss: 0.1876 - accuracy: 1.0000
Epoch 272/300

 1/20 [>.............................] - ETA: 0s - loss: 0.1987 - accuracy: 1.0000
20/20 [==============================] - 0s 8ms/step - loss: 0.1871 - accuracy: 1.0000
Epoch 273/300

 1/20 [>.............................] - ETA: 0s - loss: 0.1784 - accuracy: 1.0000
20/20 [==============================] - 0s 7ms/step - loss: 0.1856 - accuracy: 1.0000
Epoch 274/300

 1/20 [>.............................] - ETA: 0s - loss: 0.1847 - accuracy: 1.0000
20/20 [==============================] - 0s 7ms/step - loss: 0.1865 - accuracy: 1.0000
Epoch 275/300

 1/20 [>.............................] - ETA: 0s - loss: 0.1806 - accuracy: 1.0000
20/20 [==============================] - 0s 8ms/step - loss: 0.1933 - accuracy: 0.9975
Epoch 276/300

 1/20 [>.............................] - ETA: 0s - loss: 0.1817 - accuracy: 1.0000
20/20 [==============================] - 0s 7ms/step - loss: 0.1868 - accuracy: 1.0000
Epoch 277/300

 1/20 [>.............................] - ETA: 0s - loss: 0.1849 - accuracy: 1.0000
20/20 [==============================] - 0s 8ms/step - loss: 0.1907 - accuracy: 1.0000
Epoch 278/300

 1/20 [>.............................] - ETA: 0s - loss: 0.1970 - accuracy: 1.0000
20/20 [==============================] - 0s 7ms/step - loss: 0.1901 - accuracy: 1.0000
Epoch 279/300

 1/20 [>.............................] - ETA: 0s - loss: 0.1810 - accuracy: 1.0000
20/20 [==============================] - 0s 7ms/step - loss: 0.1850 - accuracy: 1.0000
Epoch 280/300

 1/20 [>.............................] - ETA: 0s - loss: 0.1963 - accuracy: 1.0000
20/20 [==============================] - 0s 8ms/step - loss: 0.2054 - accuracy: 0.9925
Epoch 281/300

 1/20 [>.............................] - ETA: 0s - loss: 0.2065 - accuracy: 1.0000
20/20 [==============================] - 0s 7ms/step - loss: 0.2048 - accuracy: 0.9975
Epoch 282/300

 1/20 [>.............................] - ETA: 0s - loss: 0.1865 - accuracy: 1.0000
20/20 [==============================] - 0s 15ms/step - loss: 0.1869 - accuracy: 1.0000
Epoch 283/300

 1/20 [>.............................] - ETA: 0s - loss: 0.2086 - accuracy: 1.0000
20/20 [==============================] - 0s 7ms/step - loss: 0.1874 - accuracy: 1.0000
Epoch 284/300

 1/20 [>.............................] - ETA: 0s - loss: 0.1858 - accuracy: 1.0000
20/20 [==============================] - 0s 10ms/step - loss: 0.1847 - accuracy: 1.0000
Epoch 285/300

 1/20 [>.............................] - ETA: 0s - loss: 0.1937 - accuracy: 1.0000
20/20 [==============================] - 0s 7ms/step - loss: 0.1851 - accuracy: 1.0000
Epoch 286/300

 1/20 [>.............................] - ETA: 0s - loss: 0.1850 - accuracy: 1.0000
20/20 [==============================] - 0s 8ms/step - loss: 0.1867 - accuracy: 1.0000
Epoch 287/300

 1/20 [>.............................] - ETA: 0s - loss: 0.1815 - accuracy: 1.0000
20/20 [==============================] - 0s 7ms/step - loss: 0.1856 - accuracy: 1.0000
Epoch 288/300

 1/20 [>.............................] - ETA: 0s - loss: 0.1639 - accuracy: 1.0000
20/20 [==============================] - 0s 7ms/step - loss: 0.1836 - accuracy: 1.0000
Epoch 289/300

 1/20 [>.............................] - ETA: 0s - loss: 0.1821 - accuracy: 1.0000
20/20 [==============================] - 0s 7ms/step - loss: 0.1842 - accuracy: 1.0000
Epoch 290/300

 1/20 [>.............................] - ETA: 0s - loss: 0.1870 - accuracy: 1.0000
20/20 [==============================] - 0s 7ms/step - loss: 0.1831 - accuracy: 1.0000
Epoch 291/300

 1/20 [>.............................] - ETA: 0s - loss: 0.1831 - accuracy: 1.0000
20/20 [==============================] - 0s 7ms/step - loss: 0.1859 - accuracy: 1.0000
Epoch 292/300

 1/20 [>.............................] - ETA: 0s - loss: 0.1875 - accuracy: 1.0000
20/20 [==============================] - 0s 8ms/step - loss: 0.1847 - accuracy: 1.0000
Epoch 293/300

 1/20 [>.............................] - ETA: 0s - loss: 0.1694 - accuracy: 1.0000
20/20 [==============================] - 0s 8ms/step - loss: 0.1823 - accuracy: 1.0000
Epoch 294/300

 1/20 [>.............................] - ETA: 0s - loss: 0.1715 - accuracy: 1.0000
20/20 [==============================] - 0s 7ms/step - loss: 0.1838 - accuracy: 1.0000
Epoch 295/300

 1/20 [>.............................] - ETA: 0s - loss: 0.1896 - accuracy: 1.0000
20/20 [==============================] - 0s 7ms/step - loss: 0.2571 - accuracy: 0.9849
Epoch 296/300

 1/20 [>.............................] - ETA: 0s - loss: 0.2331 - accuracy: 1.0000
20/20 [==============================] - 0s 8ms/step - loss: 0.2242 - accuracy: 0.9925
Epoch 297/300

 1/20 [>.............................] - ETA: 0s - loss: 0.2017 - accuracy: 1.0000
20/20 [==============================] - 0s 8ms/step - loss: 0.1914 - accuracy: 1.0000
Epoch 298/300

 1/20 [>.............................] - ETA: 0s - loss: 0.1852 - accuracy: 1.0000
20/20 [==============================] - 0s 8ms/step - loss: 0.1858 - accuracy: 1.0000
Epoch 299/300

 1/20 [>.............................] - ETA: 0s - loss: 0.1934 - accuracy: 1.0000
20/20 [==============================] - 0s 7ms/step - loss: 0.2451 - accuracy: 0.9749
Epoch 300/300

 1/20 [>.............................] - ETA: 0s - loss: 0.3370 - accuracy: 0.9500
20/20 [==============================] - 0s 7ms/step - loss: 0.2462 - accuracy: 0.9874
"
"0","```r
plot(history)
```"
"1","`geom_smooth()` using formula 'y ~ x'
"
